D:\Projetos\Repositorios\Reconhecimento-Facial-Pets\images\lil-1.jpg;1
D:\Projetos\Repositorios\Reconhecimento-Facial-Pets\images\lil-2.jpg;1
D:\Projetos\Repositorios\Reconhecimento-Facial-Pets\images\lil-3.jpg;1
D:\Projetos\Repositorios\Reconhecimento-Facial-Pets\images\lil-4.jpg;1
D:\Projetos\Repositorios\Reconhecimento-Facial-Pets\images\lil-5.jpg;1
D:\Projetos\Repositorios\Reconhecimento-Facial-Pets\images\lil-6.jpg;1
D:\Projetos\Repositorios\Reconhecimento-Facial-Pets\images\lil-7.jpg;1
D:\Projetos\Repositorios\Reconhecimento-Facial-Pets\images\GRUMPY-1.jpg;2
D:\Projetos\Repositorios\Reconhecimento-Facial-Pets\images\GRUMPY-2.jpg;2
D:\Projetos\Repositorios\Reconhecimento-Facial-Pets\images\GRUMPY-3.jpg;2
D:\Projetos\Repositorios\Reconhecimento-Facial-Pets\images\GRUMPY-4.jpg;2
D:\Projetos\Repositorios\Reconhecimento-Facial-Pets\images\GRUMPY-5.jpg;2
D:\Projetos\Repositorios\Reconhecimento-Facial-Pets\images\GRUMPY-6.jpg;2
D:\Projetos\Repositorios\Reconhecimento-Facial-Pets\images\GRUMPY-7.jpg;2
